{
    "title": "Annonce Maroc",
    "description": "Notre site Web d'annonce couvre la vente d'achat et la demande d'op\u00e9rations gratuitement et rapidement ...",
    "keywords": "annonce, le bon coin voiture, annonce publicitaire, annonce maroc, achter, vendre, maison a vendre, location maison, appartement a vendre, bureau ordinateur, ordinateur, materiel informatique, service informatique, offre d'emploi, assurance emploi, vehicule occasion, recherche emploi, recrutement, emploi public, annimaux, ordinateur portable",
    "author": "Ahmed Benkrara",
    "whatsapp": "https:\/\/wa.me\/qr\/W4NPKPOPQCNZP1",
    "facebook": "https:\/\/www.facebook.com\/",
    "twitter": "https:\/\/twitter.com\/",
    "instagram": "https:\/\/www.instagram.com\/",
    "address": "19 Rue 10 Qu Kaouki 108 Maroc",
    "phone": "+212 658325403",
    "map": "https:\/\/www.google.com\/maps\/embed?pb=!1m18!1m12!1m3!1d3374.134947681377!2d-9.252933984831117!3d32.254451181133035!2m3!1f0!2f0!3f0!3m2!1i1024!2i768!4f13.1!3m3!1m2!1s0x0%3A0xc1963f41a608d1d4!2zMzLCsDE1JzE2LjAiTiA5wrAxNScwMi43Ilc!5e0!3m2!1sen!2sma!4v1637862977933!5m2!1sen!2sma"
}